{
    "pos": {
        "chroma_0.5": [
            0.0066685670404098354,
            0.0066224709548770464,
            0.0066224709548770464,
            0.0066224709548770464
        ],
        "chroma_0.7": [
            0.006482033013314783,
            0.006714663125942623,
            0.006730028487786885
        ],
        "chroma_1.0": [
            0.006437329337360889,
            0.006377724436089031,
            0.006511835463950714,
            0.006556539139904611
        ]
    },
    "neg": {
        "chroma_0.5": [
            -0.005155823960015898,
            -0.005018090788153846,
            -0.005585530771604413,
            -0.005170725185333863
        ],
        "chroma_0.7": [
            -0.004659267621268116,
            -0.005111120284062003,
            -0.004977009256200316,
            -0.005006811706836247
        ],
        "chroma_1.0": [
            -0.0040072418317028975,
            -0.004366059018163752,
            -0.0038985708667753603,
            -0.004440565144753577
        ]
    }
}